time_period,institution_group,characteristic_group,characteristic,data_type,cohort,overall,education,he,fe,fel3,fel2,fel1,other_edu,ind,non_des,ssf,sfc,spec_prov,edu_combo,appren,appl4,appl3,appl2,all_work,all_notsust,notsust,notsust_ben,only_ben,all_unknown,unknown_id,unknown
201011,State-funded mainstream colleges,Gender,Female,Number of pupils,96656,82462,52188,39848,10666,z,z,z,1674,0,0,98,1542,0,34,3195,48,925,2222,27079,10763,3276,5323,2164,3431,1638,1793
201011,State-funded mainstream schools,Gender,Female,Number of pupils,86313,77784,58755,48884,6944,z,z,z,2936,0,0,2826,84,0,26,2086,11,606,1469,16943,6415,2934,2552,929,2114,1604,510
201011,State-funded mainstream schools & colleges,Gender,Female,Number of pupils,182969,160246,110943,88732,17610,z,z,z,4610,0,0,2924,1626,0,60,5281,59,1531,3691,44022,17178,6210,7875,3093,5545,3242,2303
201011,State-funded mainstream colleges,Gender,Female,Percentage,96656,85.3,54,41.2,11,z,z,z,1.7,0,0,0.1,1.6,0,~,3.3,~,1,2.3,28,11.1,3.4,5.5,2.2,3.5,1.7,1.9
201011,State-funded mainstream schools,Gender,Female,Percentage,86313,90.1,68.1,56.6,8,z,z,z,3.4,0,0,3.3,0.1,0,~,2.4,~,0.7,1.7,19.6,7.4,3.4,3,1.1,2.4,1.9,0.6
201011,State-funded mainstream schools & colleges,Gender,Female,Percentage,182969,87.6,60.6,48.5,9.6,z,z,z,2.5,0,0,1.6,0.9,0,~,2.9,~,0.8,2,24.1,9.4,3.4,4.3,1.7,3,1.8,1.3
201112,Independent mainstream schools,Gender,Female,Number of pupils,17455,14671,13026,11302,674,z,z,z,1053,1030,0,10,9,1,3,67,4,20,43,1578,1056,930,94,32,1728,704,1024
201112,State-funded mainstream schools & colleges,Gender,Female,Number of pupils,179144,160201,115630,95181,16188,z,z,z,4273,224,0,2560,1416,14,59,6880,101,1975,4804,37691,15148,4204,8127,2817,3795,2361,1434
201112,State-funded mainstream schools & colleges,Gender,Female,Percentage,179144,89.4,64.5,53.1,9,z,z,z,2.4,0.1,0,1.4,0.8,~,~,3.8,0.1,1.1,2.7,21,8.5,2.3,4.5,1.6,2.1,1.3,0.8
201112,Independent mainstream schools,Gender,Female,Percentage,17455,84.1,74.6,64.7,3.9,z,z,z,6,5.9,0,0.1,0.1,~,~,0.4,~,0.1,0.2,9,6,5.3,0.5,0.2,9.9,4,5.9
201112,State-funded mainstream schools,Gender,Female,Number of pupils,87394,80718,63960,54888,6362,z,z,z,2722,154,0,2451,80,7,30,3000,26,907,2067,13758,5179,1902,2425,852,1497,1176,321
201112,State-funded mainstream schools,Gender,Female,Percentage,87394,92.4,73.2,62.8,7.3,z,z,z,3.1,0.2,0,2.8,0.1,~,~,3.4,~,1,2.4,15.7,5.9,2.2,2.8,1,1.7,1.3,0.4
201112,Mainstream schools and colleges,Gender,Female,Number of pupils,196599,174872,128656,106483,16862,z,z,z,5326,1254,0,2570,1425,15,62,6947,105,1995,4847,39269,16204,5134,8221,2849,5523,3065,2458
201112,State-funded mainstream colleges,Gender,Female,Number of pupils,91750,79483,51670,40293,9826,z,z,z,1551,70,0,109,1336,7,29,3880,75,1068,2737,23933,9969,2302,5702,1965,2298,1185,1113
201112,Mainstream schools and colleges,Gender,Female,Percentage,196599,88.9,65.4,54.2,8.6,z,z,z,2.7,0.6,0,1.3,0.7,~,~,3.5,0.1,1,2.5,20,8.2,2.6,4.2,1.4,2.8,1.6,1.3
201112,State-funded mainstream colleges,Gender,Female,Percentage,91750,86.6,56.3,43.9,10.7,z,z,z,1.7,0.1,0,0.1,1.5,~,~,4.2,0.1,1.2,3,26.1,10.9,2.5,6.2,2.1,2.5,1.3,1.2
201213,State-funded mainstream schools,Gender,Female,Number of pupils,90372,82623,61654,51984,6744,z,z,z,2938,153,0,2627,124,9,25,3741,59,1015,2667,17228,5986,2647,2567,772,1763,1435,328
201213,State-funded mainstream schools,Gender,Female,Percentage,90372,91.4,68.2,57.5,7.5,z,z,z,3.3,0.2,0,2.9,0.1,~,~,4.1,0.1,1.1,3,19.1,6.6,2.9,2.8,0.9,2,1.6,0.4
201213,State-funded mainstream colleges,Gender,Female,Number of pupils,95132,82455,51134,37671,11754,z,z,z,1709,65,0,82,1544,6,12,4481,68,1252,3161,26840,10556,2935,5756,1865,2121,1269,852
201213,State-funded mainstream colleges,Gender,Female,Percentage,95132,86.7,53.8,39.6,12.4,z,z,z,1.8,0.1,0,0.1,1.6,~,~,4.7,0.1,1.3,3.3,28.2,11.1,3.1,6.1,2,2.2,1.3,0.9
201213,Mainstream schools and colleges,Gender,Female,Number of pupils,203565,179704,125367,100674,19139,z,z,z,5568,1092,0,2727,1692,17,40,8311,129,2304,5878,46026,17855,6766,8414,2675,6006,3458,2548
201213,Independent mainstream schools,Gender,Female,Number of pupils,18061,14626,12579,11019,641,z,z,z,921,874,0,18,24,2,3,89,2,37,50,1958,1313,1184,91,38,2122,754,1368
201213,State-funded mainstream schools & colleges,Gender,Female,Number of pupils,185504,165078,112788,89655,18498,z,z,z,4647,218,0,2709,1668,15,37,8222,127,2267,5828,44068,16542,5582,8323,2637,3884,2704,1180
201213,Mainstream schools and colleges,Gender,Female,Percentage,203565,88.3,61.6,49.5,9.4,z,z,z,2.7,0.5,0,1.3,0.8,~,~,4.1,0.1,1.1,2.9,22.6,8.8,3.3,4.1,1.3,3,1.7,1.3
201213,Independent mainstream schools,Gender,Female,Percentage,18061,81,69.6,61,3.5,z,z,z,5.1,4.8,0,0.1,0.1,~,~,0.5,~,0.2,0.3,10.8,7.3,6.6,0.5,0.2,11.7,4.2,7.6
201213,State-funded mainstream schools & colleges,Gender,Female,Percentage,185504,89,60.8,48.3,10,z,z,z,2.5,0.1,0,1.5,0.9,~,~,4.4,0.1,1.2,3.1,23.8,8.9,3,4.5,1.4,2.1,1.5,0.6
201314,State-funded mainstream schools & colleges,Gender,Female,Number of pupils,191098,172801,119638,93910,20752,z,z,z,4980,233,0,2761,1926,6,54,9040,206,2614,6220,44123,14487,5506,6753,2228,3810,2788,1022
201314,State-funded mainstream colleges,Gender,Female,Number of pupils,98733,87389,55270,39110,14126,z,z,z,2034,79,0,110,1809,2,34,5001,103,1436,3462,27118,9277,2968,4757,1552,2067,1367,700
201314,State-funded mainstream schools & colleges,Gender,Female,Percentage,191098,90.4,62.6,49.1,10.9,z,z,z,2.6,0.1,0,1.4,1,~,~,4.7,0.1,1.4,3.3,23.1,7.6,2.9,3.5,1.2,2,1.5,0.5
201314,State-funded mainstream colleges,Gender,Female,Percentage,98733,88.5,56,39.6,14.3,z,z,z,2.1,0.1,0,0.1,1.8,~,~,5.1,0.1,1.5,3.5,27.5,9.4,3,4.8,1.6,2.1,1.4,0.7
201314,Mainstream schools and colleges,Gender,Female,Number of pupils,208800,187675,132420,105009,21444,z,z,z,5971,1189,0,2782,1939,6,55,9188,213,2671,6304,46067,15422,6375,6797,2250,5703,3538,2165
201314,Independent mainstream schools,Gender,Female,Number of pupils,17702,14874,12782,11099,692,z,z,z,991,956,0,21,13,0,1,148,7,57,84,1944,935,869,44,22,1893,750,1143
201314,State-funded mainstream schools,Gender,Female,Number of pupils,92365,85412,64368,54800,6626,z,z,z,2946,154,0,2651,117,4,20,4039,103,1178,2758,17005,5210,2538,1996,676,1743,1421,322
201314,Mainstream schools and colleges,Gender,Female,Percentage,208800,89.9,63.4,50.3,10.3,z,z,z,2.9,0.6,0,1.3,0.9,~,~,4.4,0.1,1.3,3,22.1,7.4,3.1,3.3,1.1,2.7,1.7,1
201314,Independent mainstream schools,Gender,Female,Percentage,17702,84,72.2,62.7,3.9,z,z,z,5.6,5.4,0,0.1,0.1,0,~,0.8,~,0.3,0.5,11,5.3,4.9,0.2,0.1,10.7,4.2,6.5
201314,State-funded mainstream schools,Gender,Female,Percentage,92365,92.5,69.7,59.3,7.2,z,z,z,3.2,0.2,0,2.9,0.1,~,~,4.4,0.1,1.3,3,18.4,5.6,2.7,2.2,0.7,1.9,1.5,0.3
201415,State-funded mainstream colleges,Gender,Female,Number of pupils,100791,88655,56207,39584,14601,z,z,z,2022,99,0,93,1811,1,18,5153,89,1676,3388,27295,9232,4621,3460,1151,2904,2080,824
201415,State-funded mainstream schools & colleges,Gender,Female,Number of pupils,193364,173559,120286,95238,20444,z,z,z,4611,254,0,2405,1899,6,47,9209,222,3072,5915,44064,14733,8255,4854,1624,5072,3937,1135
201415,State-funded mainstream colleges,Gender,Female,Percentage,100791,88,55.8,39.3,14.5,z,z,z,2,0.1,0,0.1,1.8,~,~,5.1,0.1,1.7,3.4,27.1,9.2,4.6,3.4,1.1,2.9,2.1,0.8
201415,State-funded mainstream schools & colleges,Gender,Female,Percentage,193364,89.8,62.2,49.3,10.6,z,z,z,2.4,0.1,0,1.2,1,~,~,4.8,0.1,1.6,3.1,22.8,7.6,4.3,2.5,0.8,2.6,2,0.6
201415,State-funded mainstream schools,Gender,Female,Number of pupils,92573,84904,64079,55654,5843,z,z,z,2589,155,0,2312,88,5,29,4056,133,1396,2527,16769,5501,3634,1394,473,2168,1857,311
201415,State-funded mainstream schools,Gender,Female,Percentage,92573,91.7,69.2,60.1,6.3,z,z,z,2.8,0.2,0,2.5,0.1,~,~,4.4,0.1,1.5,2.7,18.1,5.9,3.9,1.5,0.5,2.3,2,0.3
201415,Independent mainstream schools,Gender,Female,Percentage,17804,82.6,71.5,61.2,3.8,z,z,z,6.4,6.3,0,0.1,0.1,~,~,0.8,0.1,0.3,0.4,10.4,6.5,6.2,0.3,0.1,10.9,3.8,7.1
201415,Independent mainstream schools,Gender,Female,Number of pupils,17804,14710,12722,10902,673,z,z,z,1147,1117,0,12,15,2,1,142,17,47,78,1846,1156,1097,47,12,1938,672,1266
201516,State-funded mainstream schools & colleges,Gender,Female,Number of pupils,195460,177743,124372,102291,17558,z,z,z,4523,241,4,2277,1719,10,272,9766,463,3541,5762,43605,12749,8859,2567,1323,4968,4050,918
201516,State-funded mainstream schools & colleges,Gender,Female,Percentage,195460,90.9,63.6,52.3,9,z,z,z,2.3,0.1,~,1.2,0.9,~,0.1,5,0.2,1.8,2.9,22.3,6.5,4.5,1.3,0.7,2.5,2.1,0.5
201516,State-funded mainstream schools,Gender,Female,Number of pupils,98054,90477,68393,60573,5266,z,z,z,2554,133,4,2207,93,7,110,4579,278,1695,2606,17505,5320,4182,762,376,2257,1971,286
201516,State-funded mainstream schools,Gender,Female,Percentage,98054,92.3,69.8,61.8,5.4,z,z,z,2.6,0.1,~,2.3,0.1,~,0.1,4.7,0.3,1.7,2.7,17.9,5.4,4.3,0.8,0.4,2.3,2,0.3
201516,State-funded mainstream colleges,Gender,Female,Number of pupils,97406,87266,55979,41718,12292,z,z,z,1969,108,0,70,1626,3,162,5187,185,1846,3156,26100,7429,4677,1805,947,2711,2079,632
201516,State-funded mainstream colleges,Gender,Female,Percentage,97406,89.6,57.5,42.8,12.6,z,z,z,2,0.1,0,0.1,1.7,~,0.2,5.3,0.2,1.9,3.2,26.8,7.6,4.8,1.9,1,2.8,2.1,0.6
201617,State-funded mainstream colleges,Gender,Female,Number of pupils,94041,83961,53838,41777,9928,z,z,z,2133,104,4,38,1846,2,139,5239,238,2079,2922,24884,7296,5533,1014,749,2784,2230,554
201617,State-funded mainstream schools & colleges,Gender,Female,Number of pupils,196282,177901,124095,103627,14848,z,z,z,5620,266,5,3166,1911,4,268,10221,550,4075,5596,43585,12982,10445,1455,1082,5399,4481,918
201617,State-funded mainstream colleges,Gender,Female,Percentage,94041,89.3,57.2,44.4,10.6,z,z,z,2.3,0.1,~,~,2,~,0.1,5.6,0.3,2.2,3.1,26.5,7.8,5.9,1.1,0.8,3,2.4,0.6
201617,State-funded mainstream schools & colleges,Gender,Female,Percentage,196282,90.6,63.2,52.8,7.6,z,z,z,2.9,0.1,~,1.6,1,~,0.1,5.2,0.3,2.1,2.9,22.2,6.6,5.3,0.7,0.6,2.8,2.3,0.5
201617,State-funded mainstream schools,Gender,Female,Number of pupils,102241,93940,70257,61850,4920,z,z,z,3487,162,1,3128,65,2,129,4982,312,1996,2674,18701,5686,4912,441,333,2615,2251,364
201617,State-funded mainstream schools,Gender,Female,Percentage,102241,91.9,68.7,60.5,4.8,z,z,z,3.4,0.2,~,3.1,0.1,~,0.1,4.9,0.3,2,2.6,18.3,5.6,4.8,0.4,0.3,2.6,2.2,0.4
201718,State-funded mainstream schools,Gender,Female,Number of pupils,103781,94234,68264,61292,4091,3356,586,149,2881,200,0,2436,106,9,130,5632,575,2362,2695,20338,6452,4787,1143,522,3095,2383,712
201718,State-funded mainstream schools,Gender,Female,Number of pupils,1636,1013,112,0,29,20,2,7,83,3,0,62,3,2,13,435,6,147,282,466,401,222,67,112,222,149,73
201718,State-funded mainstream schools & colleges,Gender,Female,Number of pupils,200800,179671,120039,102702,12579,10144,1985,450,4758,295,2,2505,1631,11,314,11639,938,4826,5875,47993,15107,9874,3583,1650,6022,4570,1452
201718,State-funded mainstream schools,Gender,Female,Percentage,144,73.6,13.9,6.3,3.5,1.4,2.1,0,4.2,0,0,3.5,0.7,0,0,23.6,0,6.3,17.4,36.1,20.8,6.9,6.9,6.9,5.6,4.2,1.4
201718,State-funded mainstream schools,Gender,Female,Percentage,103781,90.8,65.8,59.1,3.9,3.2,0.6,0.1,2.8,0.2,0,2.3,0.1,~,0.1,5.4,0.6,2.3,2.6,19.6,6.2,4.6,1.1,0.5,3,2.3,0.7
201718,State-funded mainstream colleges,Gender,Female,Percentage,93273,88.2,54.4,43.7,8.7,6.9,1.4,0.3,2,0.1,~,0.1,1.6,~,0.2,6.1,0.4,2.5,3.2,27.7,8.8,5.2,2.5,1.1,3,2.3,0.7
201718,State-funded mainstream schools,Gender,Female,Percentage,1636,61.9,6.8,0,1.8,1.2,0.1,0.4,5.1,0.2,0,3.8,0.2,0.1,0.8,26.6,0.4,9,17.2,28.5,24.5,13.6,4.1,6.8,13.6,9.1,4.5
201718,State-funded mainstream schools & colleges,Gender,Female,Percentage,200800,89.5,59.8,51.1,6.3,5.1,1,0.2,2.4,0.1,~,1.2,0.8,~,0.2,5.8,0.5,2.4,2.9,23.9,7.5,4.9,1.8,0.8,3,2.3,0.7
201718,State-funded mainstream schools,Gender,Female,Number of pupils,144,106,20,9,5,2,3,0,6,0,0,5,1,0,0,34,0,9,25,52,30,10,10,10,8,6,2
201718,State-funded mainstream colleges,Gender,Female,Number of pupils,93273,82232,50710,40771,8090,6465,1345,280,1849,94,2,62,1513,2,176,5655,351,2340,2964,25867,8233,4891,2293,1049,2808,2111,697
201718,State-funded mainstream schools & colleges,Gender,Female,Number of pupils,5742,3696,1105,0,795,386,289,120,310,2,0,192,71,3,42,856,3,265,588,1735,1523,646,454,423,523,391,132
201718,State-funded mainstream schools & colleges,Gender,Female,Number of pupils,29275,22195,7559,345,6503,3753,2238,512,711,5,0,152,369,6,179,4025,24,2203,1798,10611,5725,2465,1976,1284,1355,1080,275
201718,State-funded mainstream colleges,Gender,Female,Percentage,3602,86,29,17.5,10.9,8.9,1.4,0.6,0.6,~,0,0.1,0.3,0,0.2,8.8,0.3,3.2,5.3,48.2,10.9,5.2,3.8,1.9,3.1,1.9,1.1
201718,State-funded mainstream schools & colleges,Gender,Female,Percentage,5742,64.4,19.2,0,13.8,6.7,5,2.1,5.4,~,0,3.3,1.2,0.1,0.7,14.9,0.1,4.6,10.2,30.2,26.5,11.3,7.9,7.4,9.1,6.8,2.3
201718,State-funded mainstream schools & colleges,Gender,Female,Percentage,29275,75.8,25.8,1.2,22.2,12.8,7.6,1.7,2.4,~,0,0.5,1.3,~,0.6,13.7,0.1,7.5,6.1,36.2,19.6,8.4,6.7,4.4,4.6,3.7,0.9
201718,State-funded mainstream colleges,Gender,Female,Number of pupils,3602,3099,1045,630,393,321,51,21,22,1,0,2,11,0,8,318,12,115,191,1736,392,186,137,69,111,70,41
201718,State-funded mainstream colleges,Gender,Female,Number of pupils,26873,14915,4330,0,4008,711,1405,1892,322,6,0,5,133,14,164,3496,10,919,2567,7089,8826,3181,2605,3040,3132,2238,894
201718,State-funded mainstream colleges,Gender,Female,Percentage,26873,55.5,16.1,0,14.9,2.6,5.2,7,1.2,~,0,~,0.5,0.1,0.6,13,~,3.4,9.6,26.4,32.8,11.8,9.7,11.3,11.7,8.3,3.3
201718,State-funded mainstream schools,Gender,Female,Number of pupils,2897,1907,586,10,201,67,79,55,375,1,0,337,19,2,16,494,0,137,357,827,730,362,185,183,260,221,39
201718,State-funded mainstream schools & colleges,Gender,Female,Number of pupils,28827,16121,4526,0,4084,733,1410,1941,442,9,0,84,152,17,180,4006,16,1083,2907,7589,9300,3433,2688,3179,3406,2420,986
201718,State-funded mainstream schools,Gender,Female,Percentage,2897,65.8,20.2,0.3,6.9,2.3,2.7,1.9,12.9,~,0,11.6,0.7,0.1,0.6,17.1,0,4.7,12.3,28.5,25.2,12.5,6.4,6.3,9,7.6,1.3
201718,State-funded mainstream schools & colleges,Gender,Female,Percentage,3746,85.6,28.4,17.1,10.6,8.6,1.4,0.6,0.7,~,0,0.2,0.3,0,0.2,9.4,0.3,3.3,5.8,47.7,11.3,5.2,3.9,2.1,3.2,2,1.1
201718,State-funded mainstream schools,Gender,Female,Percentage,1789,64.2,17.7,0,6,2,2,2,11.6,0.1,0,10.6,0.3,0.1,0.7,17.4,0,3.9,13.5,29.1,26.7,13.1,6,7.7,9.1,7.8,1.3
201718,State-funded mainstream colleges,Gender,Female,Percentage,14562,54.1,23.8,0,22.7,1.5,9.1,12.2,1.1,~,0,~,0.5,0.1,0.5,9.3,~,1.6,7.8,20.9,34.5,11.4,11.3,11.8,11.4,7.8,3.6
201718,State-funded mainstream schools & colleges,Gender,Female,Percentage,28827,55.9,15.7,0,14.2,2.5,4.9,6.7,1.5,~,0,0.3,0.5,0.1,0.6,13.9,0.1,3.8,10.1,26.3,32.3,11.9,9.3,11,11.8,8.4,3.4
201718,State-funded mainstream schools & colleges,Gender,Female,Number of pupils,3746,3205,1065,639,398,323,54,21,28,1,0,7,12,0,8,352,12,124,216,1788,422,196,147,79,119,76,43
201718,State-funded mainstream schools,Gender,Female,Number of pupils,1789,1148,316,0,108,36,36,36,208,1,0,189,5,1,12,311,0,69,242,521,478,234,107,137,163,139,24
201718,State-funded mainstream schools,Gender,Female,Number of pupils,318,193,84,0,47,2,3,42,37,0,0,17,16,1,3,75,0,17,58,34,73,30,16,27,52,33,19
201718,State-funded mainstream schools & colleges,Gender,Female,Number of pupils,14880,8071,3556,0,3355,215,1328,1812,201,4,0,19,92,12,74,1436,1,246,1189,3079,5093,1687,1664,1742,1716,1171,545
201718,State-funded mainstream colleges,Gender,Female,Number of pupils,14562,7878,3472,0,3308,213,1325,1770,164,4,0,2,76,11,71,1361,1,229,1131,3045,5020,1657,1648,1715,1664,1138,526
201718,State-funded mainstream colleges,Gender,Female,Number of pupils,155868,124230,64163,41736,19588,11569,5249,2770,2839,107,2,76,2078,23,553,13856,400,5705,7751,46211,23969,11007,7280,5682,7669,5669,2000
201718,State-funded mainstream colleges,Gender,Female,Number of pupils,32120,23984,8078,335,7097,4072,2448,577,646,6,0,7,421,7,205,4387,27,2331,2029,11519,6518,2749,2245,1524,1618,1250,368
201718,State-funded mainstream schools,Gender,Female,Number of pupils,1108,759,270,10,93,31,43,19,167,0,0,148,14,1,4,183,0,68,115,306,252,128,78,46,97,82,15
201718,State-funded mainstream schools,Gender,Female,Number of pupils,108776,97453,69066,61311,4373,3447,673,253,3382,204,0,2857,145,14,162,6670,581,2672,3417,21717,7686,5411,1421,854,3637,2792,845
201718,State-funded mainstream schools & colleges,Gender,Female,Number of pupils,264644,221683,133229,103047,23961,15016,5922,3023,6221,311,2,2933,2223,37,715,20526,981,8377,11168,67928,31655,16418,8701,6536,11306,8461,2845
201718,State-funded mainstream schools,Gender,Female,Percentage,318,60.7,26.4,0,14.8,0.6,0.9,13.2,11.6,0,0,5.3,5,0.3,0.9,23.6,0,5.3,18.2,10.7,23,9.4,5,8.5,16.4,10.4,6
201718,State-funded mainstream schools & colleges,Gender,Female,Percentage,14880,54.2,23.9,0,22.5,1.4,8.9,12.2,1.4,~,0,0.1,0.6,0.1,0.5,9.7,~,1.7,8,20.7,34.2,11.3,11.2,11.7,11.5,7.9,3.7
201718,State-funded mainstream colleges,Gender,Female,Percentage,155868,79.7,41.2,26.8,12.6,7.4,3.4,1.8,1.8,0.1,~,~,1.3,~,0.4,8.9,0.3,3.7,5,29.6,15.4,7.1,4.7,3.6,4.9,3.6,1.3
201718,State-funded mainstream colleges,Gender,Female,Percentage,32120,74.7,25.1,1,22.1,12.7,7.6,1.8,2,~,0,~,1.3,~,0.6,13.7,0.1,7.3,6.3,35.9,20.3,8.6,7,4.7,5,3.9,1.1
201718,State-funded mainstream schools & colleges,Gender,Female,Number of pupils,197054,176466,118974,102063,12181,9821,1931,429,4730,294,2,2498,1619,11,306,11287,926,4702,5659,46205,14685,9678,3436,1571,5903,4494,1409
201718,State-funded mainstream schools,Gender,Female,Number of pupils,1954,1206,196,0,76,22,5,49,120,3,0,79,19,3,16,510,6,164,340,500,474,252,83,139,274,182,92
201718,State-funded mainstream schools,Gender,Female,Percentage,103925,90.8,65.7,59,3.9,3.2,0.6,0.1,2.8,0.2,0,2.3,0.1,~,0.1,5.5,0.6,2.3,2.6,19.6,6.2,4.6,1.1,0.5,3,2.3,0.7
201718,State-funded mainstream schools,Gender,Female,Percentage,1108,68.5,24.4,0.9,8.4,2.8,3.9,1.7,15.1,0,0,13.4,1.3,0.1,0.4,16.5,0,6.1,10.4,27.6,22.7,11.6,7,4.2,8.8,7.4,1.4
201718,State-funded mainstream schools,Gender,Female,Percentage,108776,89.6,63.5,56.4,4,3.2,0.6,0.2,3.1,0.2,0,2.6,0.1,~,0.1,6.1,0.5,2.5,3.1,20,7.1,5,1.3,0.8,3.3,2.6,0.8
201718,State-funded mainstream schools & colleges,Gender,Female,Percentage,264644,83.8,50.3,38.9,9.1,5.7,2.2,1.1,2.4,0.1,~,1.1,0.8,~,0.3,7.8,0.4,3.2,4.2,25.7,12,6.2,3.3,2.5,4.3,3.2,1.1
201718,State-funded mainstream schools,Gender,Female,Number of pupils,103925,94340,68284,61301,4096,3358,589,149,2887,200,0,2441,107,9,130,5666,575,2371,2720,20390,6482,4797,1153,532,3103,2389,714
201718,State-funded mainstream colleges,Gender,Female,Number of pupils,12311,7037,858,0,700,498,80,122,158,2,0,3,57,3,93,2135,9,690,1436,4044,3806,1524,957,1325,1468,1100,368
201718,State-funded mainstream colleges,Gender,Female,Number of pupils,28167,21436,7289,335,6410,3722,2195,493,544,5,0,4,355,5,175,3842,24,2135,1683,10305,5473,2337,1898,1238,1258,998,260
201718,State-funded mainstream schools & colleges,Gender,Female,Percentage,35017,73.9,24.7,1,20.8,11.8,7.2,1.8,2.9,~,0,1,1.3,~,0.6,13.9,0.1,7,6.8,35.3,20.7,8.9,6.9,4.9,5.4,4.2,1.2
201718,State-funded mainstream schools & colleges,Gender,Female,Percentage,197054,89.6,60.4,51.8,6.2,5,1,0.2,2.4,0.1,~,1.3,0.8,~,0.2,5.7,0.5,2.4,2.9,23.4,7.5,4.9,1.7,0.8,3,2.3,0.7
201718,State-funded mainstream schools,Gender,Female,Percentage,1954,61.7,10,0,3.9,1.1,0.3,2.5,6.1,0.2,0,4,1,0.2,0.8,26.1,0.3,8.4,17.4,25.6,24.3,12.9,4.2,7.1,14,9.3,4.7
201718,State-funded mainstream colleges,Gender,Female,Percentage,12311,57.2,7,0,5.7,4,0.6,1,1.3,~,0,~,0.5,~,0.8,17.3,0.1,5.6,11.7,32.8,30.9,12.4,7.8,10.8,11.9,8.9,3
201718,State-funded mainstream schools & colleges,Gender,Female,Number of pupils,35017,25891,8664,345,7298,4139,2527,632,1021,7,0,344,440,9,221,4881,27,2468,2386,12346,7248,3111,2430,1707,1878,1471,407
201718,State-funded mainstream colleges,Gender,Female,Number of pupils,96875,85331,51755,41401,8483,6786,1396,301,1871,95,2,64,1524,2,184,5973,363,2455,3155,27603,8625,5077,2430,1118,2919,2181,738
201718,State-funded mainstream colleges,Gender,Female,Number of pupils,3953,2548,789,0,687,350,253,84,102,1,0,3,66,2,30,545,3,196,346,1214,1045,412,347,286,360,252,108
201718,State-funded mainstream schools & colleges,Gender,Female,Number of pupils,13947,8050,970,0,729,518,82,129,241,5,0,65,60,5,106,2570,15,837,1718,4510,4207,1746,1024,1437,1690,1249,441
201718,State-funded mainstream colleges,Gender,Female,Percentage,96875,88.1,53.4,42.7,8.8,7,1.4,0.3,1.9,0.1,~,0.1,1.6,~,0.2,6.2,0.4,2.5,3.3,28.5,8.9,5.2,2.5,1.2,3,2.3,0.8
201718,State-funded mainstream colleges,Gender,Female,Percentage,3953,64.5,20,0,17.4,8.9,6.4,2.1,2.6,~,0,0.1,1.7,0.1,0.8,13.8,0.1,5,8.8,30.7,26.4,10.4,8.8,7.2,9.1,6.4,2.7
201718,State-funded mainstream schools & colleges,Gender,Female,Percentage,13947,57.7,7,0,5.2,3.7,0.6,0.9,1.7,~,0,0.5,0.4,~,0.8,18.4,0.1,6,12.3,32.3,30.2,12.5,7.3,10.3,12.1,9,3.2
201718,State-funded mainstream colleges,Gender,Female,Percentage,28167,76.1,25.9,1.2,22.8,13.2,7.8,1.8,1.9,~,0,~,1.3,~,0.6,13.6,0.1,7.6,6,36.6,19.4,8.3,6.7,4.4,4.5,3.5,0.9
201819,State-funded mainstream schools & colleges,Gender,Female,Number of pupils,44565,33740,12707,1798,9034,5280,2881,873,1875,13,0,653,956,10,243,5283,44,2613,2626,15750,8608,3592,3072,1944,2217,1787,430
201819,State-funded mainstream schools,Gender,Female,Percentage,103569,91.1,66.7,60.5,3.5,2.9,0.4,0.2,2.7,0.2,~,2.2,0.2,~,0.1,5,0.8,2.2,2,19.4,5.7,4.4,0.9,0.4,3.1,2.4,0.8
201819,State-funded mainstream schools & colleges,Gender,Female,Percentage,44565,75.7,28.5,4,20.3,11.8,6.5,2,4.2,~,0,1.5,2.1,~,0.5,11.9,0.1,5.9,5.9,35.3,19.3,8.1,6.9,4.4,5,4,1
201819,State-funded mainstream schools,Gender,Female,Percentage,1320,78.3,33.6,6.1,6.9,1.8,2.7,2.4,20.6,0,0,16.2,3.7,0,0.7,14.5,0,4.8,9.6,30.3,17.4,8.6,5.5,3.4,4.2,3.6,0.7
201819,State-funded mainstream schools,Gender,Female,Percentage,2118,66.6,14.7,0,4,0.8,0.5,2.7,10.7,0,0,8.1,1.4,0.7,0.5,23.7,0.2,8.3,15.2,28.2,22.8,11.7,4.9,6.2,10.6,8.6,1.9
201819,State-funded mainstream schools & colleges,Gender,Female,Percentage,28193,56.6,17,0,14.7,2.8,5.4,6.6,2.3,~,0,0.7,0.8,0.1,0.7,12.4,0.1,3.6,8.7,27.2,32,11.2,10,10.8,11.4,8.1,3.3
201819,State-funded mainstream schools,Gender,Female,Number of pupils,103569,94384,69082,62702,3583,2984,418,181,2797,245,8,2230,183,8,123,5159,846,2234,2079,20143,5936,4531,951,454,3249,2466,783
201819,State-funded mainstream colleges,Gender,Female,Number of pupils,40679,30938,11616,1718,8793,5191,2789,813,1105,10,0,11,863,6,215,4717,41,2449,2227,14605,7824,3178,2874,1772,1917,1538,379
201819,State-funded mainstream schools & colleges,Gender,Female,Number of pupils,260999,218669,131764,102097,23028,14007,5785,3236,6639,370,9,3135,2376,46,703,19085,1337,8101,9647,67820,31029,15641,8897,6491,11301,8546,2755
201819,State-funded mainstream schools,Gender,Female,Number of pupils,1320,1034,443,80,91,24,35,32,272,0,0,214,49,0,9,191,0,64,127,400,230,113,72,45,56,47,9
201819,State-funded mainstream colleges,Gender,Female,Number of pupils,14153,7504,3435,0,3264,212,1417,1635,171,2,0,6,77,10,76,1050,2,219,829,3019,5011,1574,1672,1765,1638,1077,561
201819,State-funded mainstream schools & colleges,Gender,Female,Number of pupils,14467,7718,3549,0,3321,213,1423,1685,228,2,0,40,89,20,77,1098,2,231,865,3071,5075,1600,1689,1786,1674,1102,572
201819,State-funded mainstream schools,Gender,Female,Number of pupils,314,214,114,0,57,1,6,50,57,0,0,34,12,10,1,48,0,12,36,52,64,26,17,21,36,25,11
201819,State-funded mainstream schools & colleges,Gender,Female,Number of pupils,13726,8242,1256,0,833,570,98,165,423,6,0,147,150,6,114,2401,21,787,1593,4585,3947,1549,1128,1270,1537,1180,357
201819,State-funded mainstream colleges,Gender,Female,Number of pupils,148560,117629,59907,38114,19022,10866,5231,2925,2771,121,1,57,2038,19,535,12623,476,5438,6709,45099,23517,10261,7576,5680,7414,5556,1858
201819,State-funded mainstream schools & colleges,Gender,Female,Number of pupils,188241,168969,114252,100299,9840,7944,1383,513,4113,349,9,2295,1181,10,269,10303,1270,4470,4563,44414,13399,8900,3008,1491,5873,4477,1396
201819,State-funded mainstream colleges,Gender,Female,Percentage,40679,76.1,28.6,4.2,21.6,12.8,6.9,2,2.7,~,0,~,2.1,~,0.5,11.6,0.1,6,5.5,35.9,19.2,7.8,7.1,4.4,4.7,3.8,0.9
201819,State-funded mainstream schools & colleges,Gender,Female,Percentage,260999,83.8,50.5,39.1,8.8,5.4,2.2,1.2,2.5,0.1,~,1.2,0.9,~,0.3,7.3,0.5,3.1,3.7,26,11.9,6,3.4,2.5,4.3,3.3,1.1
201819,State-funded mainstream colleges,Gender,Female,Percentage,14153,53,24.3,0,23.1,1.5,10,11.6,1.2,~,0,~,0.5,0.1,0.5,7.4,~,1.5,5.9,21.3,35.4,11.1,11.8,12.5,11.6,7.6,4
201819,State-funded mainstream schools & colleges,Gender,Female,Percentage,14467,53.3,24.5,0,23,1.5,9.8,11.6,1.6,~,0,0.3,0.6,0.1,0.5,7.6,~,1.6,6,21.2,35.1,11.1,11.7,12.3,11.6,7.6,4
201819,State-funded mainstream schools,Gender,Female,Percentage,314,68.2,36.3,0,18.2,0.3,1.9,15.9,18.2,0,0,10.8,3.8,3.2,0.3,15.3,0,3.8,11.5,16.6,20.4,8.3,5.4,6.7,11.5,8,3.5
201819,State-funded mainstream schools & colleges,Gender,Female,Percentage,13726,60,9.2,0,6.1,4.2,0.7,1.2,3.1,~,0,1.1,1.1,~,0.8,17.5,0.2,5.7,11.6,33.4,28.8,11.3,8.2,9.3,11.2,8.6,2.6
201819,State-funded mainstream colleges,Gender,Female,Percentage,148560,79.2,40.3,25.7,12.8,7.3,3.5,2,1.9,0.1,~,~,1.4,~,0.4,8.5,0.3,3.7,4.5,30.4,15.8,6.9,5.1,3.8,5,3.7,1.3
201819,State-funded mainstream schools,Gender,Female,Number of pupils,3886,2802,1091,80,241,89,92,60,770,3,0,642,93,4,28,566,3,164,399,1145,784,414,198,172,300,249,51
201819,State-funded mainstream colleges,Gender,Female,Number of pupils,5131,3258,930,0,769,387,290,92,161,6,0,2,110,1,42,658,2,204,452,1670,1366,556,473,337,507,367,140
201819,State-funded mainstream colleges,Gender,Female,Number of pupils,35548,27680,10686,1718,8024,4804,2499,721,944,4,0,9,753,5,173,4059,39,2245,1775,12935,6458,2622,2401,1435,1410,1171,239
201819,State-funded mainstream schools & colleges,Gender,Female,Percentage,188241,89.8,60.7,53.3,5.2,4.2,0.7,0.3,2.2,0.2,~,1.2,0.6,~,0.1,5.5,0.7,2.4,2.4,23.6,7.1,4.7,1.6,0.8,3.1,2.4,0.7
201819,State-funded mainstream schools,Gender,Female,Percentage,3886,72.1,28.1,2.1,6.2,2.3,2.4,1.5,19.8,0.1,0,16.5,2.4,0.1,0.7,14.6,0.1,4.2,10.3,29.5,20.2,10.7,5.1,4.4,7.7,6.4,1.3
201819,State-funded mainstream colleges,Gender,Female,Percentage,5131,63.5,18.1,0,15,7.5,5.7,1.8,3.1,0.1,0,~,2.1,~,0.8,12.8,~,4,8.8,32.5,26.6,10.8,9.2,6.6,9.9,7.2,2.7
201819,State-funded mainstream colleges,Gender,Female,Percentage,35548,77.9,30.1,4.8,22.6,13.5,7,2,2.7,~,0,~,2.1,~,0.5,11.4,0.1,6.3,5,36.4,18.2,7.4,6.8,4,4,3.3,0.7
201819,State-funded mainstream colleges,Gender,Female,Number of pupils,48194,43435,28983,24292,3698,3106,428,164,993,90,0,23,808,2,70,2583,292,1173,1118,11869,3382,2206,787,389,1377,1005,372
201819,State-funded mainstream schools,Gender,Female,Number of pupils,112439,101040,71857,63983,4006,3141,554,311,3868,249,8,3078,338,27,168,6462,861,2663,2938,22721,7512,5380,1321,811,3887,2990,897
201819,State-funded mainstream colleges,Gender,Female,Percentage,48194,90.1,60.1,50.4,7.7,6.4,0.9,0.3,2.1,0.2,0,~,1.7,~,0.1,5.4,0.6,2.4,2.3,24.6,7,4.6,1.6,0.8,2.9,2.1,0.8
201819,State-funded mainstream schools,Gender,Female,Percentage,112439,89.9,63.9,56.9,3.6,2.8,0.5,0.3,3.4,0.2,~,2.7,0.3,~,0.1,5.7,0.8,2.4,2.6,20.2,6.7,4.8,1.2,0.7,3.5,2.7,0.8
201819,State-funded mainstream schools & colleges,Gender,Female,Number of pupils,7697,5026,1578,0,919,452,347,120,659,9,0,430,154,5,61,1033,5,304,724,2415,1920,857,599,464,751,569,182
201819,State-funded mainstream schools,Gender,Female,Number of pupils,2866,2443,1372,1201,97,50,34,13,74,1,0,34,33,0,6,236,7,90,139,835,309,187,69,53,114,92,22
201819,State-funded mainstream schools & colleges,Gender,Female,Percentage,36478,85.4,44.4,36.5,7,5.1,1.5,0.5,0.9,~,~,0.1,0.5,0,0.2,7,0.4,2.9,3.7,34,11.2,5.9,3.5,1.8,3.4,2.8,0.7
201819,State-funded mainstream schools & colleges,Gender,Female,Percentage,7697,65.3,20.5,0,11.9,5.9,4.5,1.6,8.6,0.1,0,5.6,2,0.1,0.8,13.4,0.1,3.9,9.4,31.4,24.9,11.1,7.8,6,9.8,7.4,2.4
201819,State-funded mainstream schools,Gender,Female,Percentage,2866,85.2,47.9,41.9,3.4,1.7,1.2,0.5,2.6,~,0,1.2,1.2,0,0.2,8.2,0.2,3.1,4.8,29.1,10.8,6.5,2.4,1.8,4,3.2,0.8
201819,State-funded mainstream schools & colleges,Gender,Female,Number of pupils,36478,31150,16187,13305,2559,1854,537,168,323,14,1,42,190,0,76,2561,132,1063,1366,12402,4081,2163,1270,648,1247,1006,241
201819,State-funded mainstream schools & colleges,Gender,Female,Number of pupils,151763,137819,98065,86994,7281,6090,846,345,3790,335,8,2253,991,10,193,7742,1138,3407,3197,32012,9318,6737,1738,843,4626,3471,1155
201819,State-funded mainstream schools,Gender,Female,Number of pupils,1804,1197,198,0,28,17,4,7,170,0,0,138,17,5,10,453,5,163,285,546,419,222,86,111,188,158,30
201819,State-funded mainstream schools & colleges,Gender,Female,Percentage,36868,77.9,30.2,4.9,22,13.1,6.9,2,3.3,~,0,0.6,2.2,~,0.5,11.5,0.1,6.3,5.2,36.2,18.1,7.4,6.7,4,4,3.3,0.7
201819,State-funded mainstream schools & colleges,Gender,Female,Number of pupils,36868,28714,11129,1798,8115,4828,2534,753,1216,4,0,223,802,5,182,4250,39,2309,1902,13335,6688,2735,2473,1480,1466,1218,248
201819,State-funded mainstream colleges,Gender,Female,Number of pupils,11922,7045,1058,0,805,553,94,158,253,6,0,9,133,1,104,1948,16,624,1308,4039,3528,1327,1042,1159,1349,1022,327
201819,State-funded mainstream colleges,Gender,Female,Number of pupils,81806,72142,43798,36396,6160,4910,931,319,1242,103,1,31,965,2,140,4908,417,2146,2345,23436,7154,4182,1988,984,2510,1919,591
201819,State-funded mainstream schools,Gender,Female,Number of pupils,106435,96827,70454,63903,3680,3034,452,194,2871,246,8,2264,216,8,129,5395,853,2324,2218,20978,6245,4718,1020,507,3363,2558,805
201819,State-funded mainstream colleges,Gender,Female,Percentage,11922,59.1,8.9,0,6.8,4.6,0.8,1.3,2.1,0.1,0,0.1,1.1,~,0.9,16.3,0.1,5.2,11,33.9,29.6,11.1,8.7,9.7,11.3,8.6,2.7
201819,State-funded mainstream schools & colleges,Gender,Female,Percentage,151763,90.8,64.6,57.3,4.8,4,0.6,0.2,2.5,0.2,~,1.5,0.7,~,0.1,5.1,0.7,2.2,2.1,21.1,6.1,4.4,1.1,0.6,3,2.3,0.8
201819,State-funded mainstream schools,Gender,Female,Percentage,1804,66.4,11,0,1.6,0.9,0.2,0.4,9.4,0,0,7.6,0.9,0.3,0.6,25.1,0.3,9,15.8,30.3,23.2,12.3,4.8,6.2,10.4,8.8,1.7
201819,State-funded mainstream colleges,Gender,Female,Number of pupils,33612,28707,14815,12104,2462,1804,503,155,249,13,1,8,157,0,70,2325,125,973,1227,11567,3772,1976,1201,595,1133,914,219
201819,State-funded mainstream colleges,Gender,Female,Number of pupils,26075,14549,4493,0,4069,765,1511,1793,424,8,0,15,210,11,180,2998,18,843,2137,7058,8539,2901,2714,2924,2987,2099,888
201819,State-funded mainstream schools,Gender,Female,Number of pupils,2566,1768,648,0,150,65,57,28,498,3,0,428,44,4,19,375,3,100,272,745,554,301,126,127,244,202,42
201819,State-funded mainstream schools,Gender,Female,Number of pupils,2118,1411,312,0,85,18,10,57,227,0,0,172,29,15,11,501,5,175,321,598,483,248,103,132,224,183,41
201819,State-funded mainstream schools & colleges,Gender,Female,Number of pupils,28193,15960,4805,0,4154,783,1521,1850,651,8,0,187,239,26,191,3499,23,1018,2458,7656,9022,3149,2817,3056,3211,2282,929
201819,State-funded mainstream colleges,Gender,Female,Percentage,33612,85.4,44.1,36,7.3,5.4,1.5,0.5,0.7,~,~,~,0.5,0,0.2,6.9,0.4,2.9,3.7,34.4,11.2,5.9,3.6,1.8,3.4,2.7,0.7
201819,State-funded mainstream colleges,Gender,Female,Percentage,26075,55.8,17.2,0,15.6,2.9,5.8,6.9,1.6,~,0,0.1,0.8,~,0.7,11.5,0.1,3.2,8.2,27.1,32.7,11.1,10.4,11.2,11.5,8,3.4
201819,State-funded mainstream colleges,Gender,Female,Percentage,81806,88.2,53.5,44.5,7.5,6,1.1,0.4,1.5,0.1,~,~,1.2,~,0.2,6,0.5,2.6,2.9,28.6,8.7,5.1,2.4,1.2,3.1,2.3,0.7
201819,State-funded mainstream schools,Gender,Female,Percentage,2566,68.9,25.3,0,5.8,2.5,2.2,1.1,19.4,0.1,0,16.7,1.7,0.2,0.7,14.6,0.1,3.9,10.6,29,21.6,11.7,4.9,4.9,9.5,7.9,1.6
201819,State-funded mainstream schools,Gender,Female,Percentage,106435,91,66.2,60,3.5,2.9,0.4,0.2,2.7,0.2,~,2.1,0.2,~,0.1,5.1,0.8,2.2,2.1,19.7,5.9,4.4,1,0.5,3.2,2.4,0.8
201920,State-funded mainstream schools,Gender,Female,Percentage,115404,89.6,64.2,57.5,3.1,2.5,0.4,0.2,3.6,0.1,0.5,2.3,0.5,~,0.1,5.2,0.8,2.3,2.1,20.1,7,4.1,1.8,1.1,3.5,2.8,0.7
201920,State-funded mainstream schools,Gender,Female,Percentage,3871,70.9,22.2,0,4,2,0.6,1.3,18.2,0.1,0.1,15.2,2.1,0.1,0.6,18.8,0.1,7.3,11.4,29.9,19.7,10.6,5,4.2,9.3,7.5,1.8
201920,State-funded mainstream schools,Gender,Female,Number of pupils,115404,103356,74106,66351,3629,2905,507,217,4126,164,571,2650,574,9,158,6017,946,2614,2457,23233,8032,4730,2078,1224,4016,3183,833
201920,State-funded mainstream schools,Gender,Female,Number of pupils,3871,2746,859,0,155,79,25,51,704,4,2,588,83,2,25,728,4,284,440,1159,764,409,194,161,361,290,71
201920,State-funded mainstream schools & colleges,Gender,Female,Number of pupils,30953,22299,7930,332,6450,3620,2364,466,1148,7,9,406,542,5,179,3993,17,2026,1950,10376,7096,2647,2655,1794,1558,1231,327
201920,State-funded mainstream schools,Gender,Female,Number of pupils,3421,2468,728,0,106,77,17,12,622,4,1,554,40,1,22,663,4,263,396,1077,656,373,160,123,297,254,43
201920,State-funded mainstream schools & colleges,Gender,Female,Number of pupils,2304,1852,717,47,636,421,185,30,34,1,0,12,1,0,20,237,8,142,87,898,386,127,167,92,66,56,10
201920,State-funded mainstream schools & colleges,Gender,Female,Percentage,30953,72,25.6,1.1,20.8,11.7,7.6,1.5,3.7,~,~,1.3,1.8,~,0.6,12.9,0.1,6.5,6.3,33.5,22.9,8.6,8.6,5.8,5,4,1.1
201920,State-funded mainstream schools,Gender,Female,Percentage,3421,72.1,21.3,0,3.1,2.3,0.5,0.4,18.2,0.1,~,16.2,1.2,~,0.6,19.4,0.1,7.7,11.6,31.5,19.2,10.9,4.7,3.6,8.7,7.4,1.3
201920,State-funded mainstream schools,Gender,Female,Percentage,3128,69.6,24.7,0.7,6.6,2.6,2.3,1.7,17.4,~,0.1,12.8,3.9,0.1,0.5,16,0,5.1,11,28.9,22,11,6.3,4.7,8.4,6.6,1.8
201920,State-funded mainstream colleges,Gender,Female,Percentage,26241,56.6,17.7,0,15.9,3.2,6,6.7,1.7,~,~,~,0.9,0.1,0.6,11,0.1,3.4,7.5,27.9,32.5,10.6,10.3,11.6,10.9,8.2,2.7
201920,State-funded mainstream colleges,Gender,Female,Percentage,27825,72.3,25.7,1.1,22.4,12.7,8.2,1.5,2.2,~,~,~,1.5,~,0.6,12.5,0.1,6.7,5.8,34,23,8.3,8.8,5.9,4.7,3.7,1
201920,State-funded mainstream schools,Gender,Female,Number of pupils,3128,2178,772,23,206,80,72,54,543,1,2,399,122,2,17,502,0,158,344,904,687,343,197,147,263,207,56
201920,State-funded mainstream schools & colleges,Gender,Female,Number of pupils,39458,33500,18169,12231,4931,3670,1030,231,1007,9,241,77,574,2,104,2148,133,999,1016,13183,4663,1812,1816,1035,1296,1009,287
201920,State-funded mainstream colleges,Gender,Female,Number of pupils,26241,14855,4641,0,4185,847,1581,1757,456,7,11,8,247,19,164,2881,14,891,1976,7333,8528,2793,2700,3035,2858,2148,710
201920,State-funded mainstream colleges,Gender,Female,Number of pupils,27825,20121,7158,309,6244,3540,2292,412,605,6,7,7,420,3,162,3491,17,1868,1606,9472,6409,2304,2458,1647,1295,1024,271
201920,State-funded mainstream schools & colleges,Gender,Female,Number of pupils,258569,216084,133030,102804,23236,14406,6040,2790,6990,220,1097,2723,2246,36,668,16991,1431,7608,7952,66063,31586,13617,10328,7641,10900,8453,2447
201920,State-funded mainstream schools & colleges,Gender,Female,Percentage,39458,84.9,46,31,12.5,9.3,2.6,0.6,2.6,~,0.6,0.2,1.5,~,0.3,5.4,0.3,2.5,2.6,33.4,11.8,4.6,4.6,2.6,3.3,2.6,0.7
201920,State-funded mainstream schools & colleges,Gender,Female,Percentage,30112,58.5,18.3,0,14.4,3.1,5.3,6,3.9,~,~,2,1.1,0.1,0.6,12,0.1,3.9,8,28.2,30.9,10.6,9.6,10.6,10.7,8.1,2.6
201920,State-funded mainstream colleges,Gender,Female,Percentage,36462,84.9,45.9,30.6,13.2,9.9,2.7,0.6,2.1,~,0.6,~,1.2,~,0.3,5.4,0.3,2.5,2.5,33.6,11.8,4.6,4.6,2.6,3.3,2.5,0.7
201920,State-funded mainstream schools & colleges,Gender,Female,Percentage,258569,83.6,51.4,39.8,9,5.6,2.3,1.1,2.7,0.1,0.4,1.1,0.9,~,0.3,6.6,0.6,2.9,3.1,25.5,12.2,5.3,4,3,4.2,3.3,0.9
201920,State-funded mainstream schools & colleges,Gender,Female,Percentage,195200,89.3,60.9,52.5,6.1,4.8,1,0.2,2.4,0.1,0.6,0.9,0.7,~,0.1,4.7,0.7,2.2,1.8,23.7,7.6,3.9,2.4,1.3,3.1,2.4,0.7
201920,State-funded mainstream schools,Gender,Female,Percentage,46,80.4,37,0,15.2,2.2,13,0,21.7,0,0,21.7,0,0,0,13,0,2.2,10.9,30.4,13,6.5,4.3,2.2,6.5,6.5,0
201920,State-funded mainstream schools & colleges,Gender,Female,Percentage,2304,80.4,31.1,2,27.6,18.3,8,1.3,1.5,~,0,0.5,~,0,0.9,10.3,0.3,6.2,3.8,39,16.8,5.5,7.2,4,2.9,2.4,0.4
201920,State-funded mainstream schools & colleges,Gender,Female,Number of pupils,30112,17601,5500,0,4340,926,1606,1808,1160,11,13,596,330,21,189,3609,18,1175,2416,8492,9292,3202,2894,3196,3219,2438,781
201920,State-funded mainstream colleges,Gender,Female,Number of pupils,36462,30957,16741,11140,4829,3624,987,218,772,9,202,10,450,2,99,1964,125,912,927,12252,4319,1675,1683,961,1187,921,266
201920,State-funded mainstream schools & colleges,Gender,Female,Number of pupils,195200,174332,118883,102425,11810,9439,1885,486,4648,201,1075,1709,1373,10,280,9152,1388,4265,3499,46297,14812,7641,4612,2559,6057,4728,1329
201920,State-funded mainstream schools,Gender,Female,Number of pupils,46,37,17,0,7,1,6,0,10,0,0,10,0,0,0,6,0,1,5,14,6,3,2,1,3,3,0
201920,State-funded mainstream schools,Gender,Female,Number of pupils,450,278,131,0,49,2,8,39,82,0,1,34,43,1,3,65,0,21,44,82,108,36,34,38,64,36,28
201920,State-funded mainstream colleges,Gender,Female,Number of pupils,143165,112728,58924,36453,19607,11501,5533,2573,2864,56,526,73,1672,27,510,10974,485,4994,5495,42830,23554,8887,8250,6417,6884,5270,1614
201920,State-funded mainstream schools & colleges,Gender,Female,Number of pupils,33257,24151,8647,379,7086,4041,2549,496,1182,8,9,418,543,5,199,4230,25,2168,2037,11274,7482,2774,2822,1886,1624,1287,337
201920,State-funded mainstream schools,Gender,Female,Percentage,450,61.8,29.1,0,10.9,0.4,1.8,8.7,18.2,0,0.2,7.6,9.6,0.2,0.7,14.4,0,4.7,9.8,18.2,24,8,7.6,8.4,14.2,8,6.2
201920,State-funded mainstream colleges,Gender,Female,Percentage,143165,78.7,41.2,25.5,13.7,8,3.9,1.8,2,~,0.4,0.1,1.2,~,0.4,7.7,0.3,3.5,3.8,29.9,16.5,6.2,5.8,4.5,4.8,3.7,1.1
201920,State-funded mainstream schools & colleges,Gender,Female,Percentage,33257,72.6,26,1.1,21.3,12.2,7.7,1.5,3.6,~,~,1.3,1.6,~,0.6,12.7,0.1,6.5,6.1,33.9,22.5,8.3,8.5,5.7,4.9,3.9,1
201920,State-funded mainstream schools & colleges,Gender,Female,Number of pupils,14736,8088,3644,0,3435,304,1481,1650,209,1,5,36,87,17,63,1110,0,237,873,3334,5011,1459,1655,1897,1637,1136,501
201920,State-funded mainstream colleges,Gender,Female,Number of pupils,30083,21936,7858,356,6873,3960,2471,442,629,7,7,9,421,3,182,3722,25,2009,1688,10356,6789,2428,2623,1738,1358,1077,281
201920,State-funded mainstream schools,Gender,Female,Number of pupils,105363,95852,71030,65237,3159,2699,361,99,2634,159,528,1586,245,5,111,4597,934,2084,1579,20225,6231,3838,1552,841,3280,2595,685
201920,State-funded mainstream schools & colleges,Gender,Female,Number of pupils,15376,9513,1856,0,905,622,125,158,951,10,8,560,243,4,126,2499,18,938,1543,5158,4281,1743,1239,1299,1582,1302,280
201920,State-funded mainstream schools & colleges,Gender,Female,Number of pupils,155742,140832,100714,90194,6879,5769,855,255,3641,192,834,1632,799,8,176,7004,1255,3266,2483,33114,10149,5829,2796,1524,4761,3719,1042
201920,State-funded mainstream schools,Gender,Female,Number of pupils,2996,2543,1428,1091,102,46,43,13,235,0,39,67,124,0,5,184,8,87,89,931,344,137,133,74,109,88,21
201920,State-funded mainstream colleges,Gender,Female,Number of pupils,14286,7810,3513,0,3386,302,1473,1611,127,1,4,2,44,16,60,1045,0,216,829,3252,4903,1423,1621,1859,1573,1100,473
201920,State-funded mainstream colleges,Gender,Female,Percentage,30083,72.9,26.1,1.2,22.8,13.2,8.2,1.5,2.1,~,~,~,1.4,~,0.6,12.4,0.1,6.7,5.6,34.4,22.6,8.1,8.7,5.8,4.5,3.6,0.9
201920,State-funded mainstream schools,Gender,Female,Percentage,105363,91,67.4,61.9,3,2.6,0.3,0.1,2.5,0.2,0.5,1.5,0.2,~,0.1,4.4,0.9,2,1.5,19.2,5.9,3.6,1.5,0.8,3.1,2.5,0.7
201920,State-funded mainstream schools & colleges,Gender,Female,Percentage,15376,61.9,12.1,0,5.9,4,0.8,1,6.2,0.1,0.1,3.6,1.6,~,0.8,16.3,0.1,6.1,10,33.5,27.8,11.3,8.1,8.4,10.3,8.5,1.8
201920,State-funded mainstream schools & colleges,Gender,Female,Percentage,14736,54.9,24.7,0,23.3,2.1,10.1,11.2,1.4,~,~,0.2,0.6,0.1,0.4,7.5,0,1.6,5.9,22.6,34,9.9,11.2,12.9,11.1,7.7,3.4
201920,State-funded mainstream schools & colleges,Gender,Female,Percentage,155742,90.4,64.7,57.9,4.4,3.7,0.5,0.2,2.3,0.1,0.5,1,0.5,~,0.1,4.5,0.8,2.1,1.6,21.3,6.5,3.7,1.8,1,3.1,2.4,0.7
201920,State-funded mainstream schools,Gender,Female,Percentage,2996,84.9,47.7,36.4,3.4,1.5,1.4,0.4,7.8,0,1.3,2.2,4.1,0,0.2,6.1,0.3,2.9,3,31.1,11.5,4.6,4.4,2.5,3.6,2.9,0.7
201920,State-funded mainstream colleges,Gender,Female,Percentage,14286,54.7,24.6,0,23.7,2.1,10.3,11.3,0.9,~,~,~,0.3,0.1,0.4,7.3,0,1.5,5.8,22.8,34.3,10,11.3,13,11,7.7,3.3
201920,State-funded mainstream colleges,Gender,Female,Number of pupils,50379,44980,29684,24957,3720,3070,494,156,1007,33,306,46,554,3,65,2407,321,1182,904,12889,3918,1991,1244,683,1481,1124,357
201920,State-funded mainstream schools,Gender,Female,Number of pupils,3174,2215,789,23,213,81,78,54,553,1,2,409,122,2,17,508,0,159,349,918,693,346,199,148,266,210,56
201920,State-funded mainstream colleges,Gender,Female,Number of pupils,11955,7045,1128,0,799,545,108,146,329,6,7,6,203,3,104,1836,14,675,1147,4081,3625,1370,1079,1176,1285,1048,237
201920,State-funded mainstream colleges,Gender,Female,Number of pupils,2258,1815,700,47,629,420,179,30,24,1,0,2,1,0,20,231,8,141,82,884,380,124,165,91,63,53,10
201920,State-funded mainstream schools,Gender,Female,Percentage,108359,90.8,66.9,61.2,3,2.5,0.4,0.1,2.6,0.1,0.5,1.5,0.3,~,0.1,4.4,0.9,2,1.5,19.5,6.1,3.7,1.6,0.8,3.1,2.5,0.7
201920,State-funded mainstream colleges,Gender,Female,Percentage,86841,87.4,53.5,41.6,9.8,7.7,1.7,0.4,2,~,0.6,0.1,1.2,~,0.2,5,0.5,2.4,2.1,29,9.5,4.2,3.4,1.9,3.1,2.4,0.7
201920,State-funded mainstream colleges,Gender,Female,Percentage,50379,89.3,58.9,49.5,7.4,6.1,1,0.3,2,0.1,0.6,0.1,1.1,~,0.1,4.8,0.6,2.3,1.8,25.6,7.8,4,2.5,1.4,2.9,2.2,0.7
201920,State-funded mainstream schools,Gender,Female,Percentage,3174,69.8,24.9,0.7,6.7,2.6,2.5,1.7,17.4,~,0.1,12.9,3.8,0.1,0.5,16,0,5,11,28.9,21.8,10.9,6.3,4.7,8.4,6.6,1.8
201920,State-funded mainstream colleges,Gender,Female,Percentage,11955,58.9,9.4,0,6.7,4.6,0.9,1.2,2.8,0.1,0.1,0.1,1.7,~,0.9,15.4,0.1,5.6,9.6,34.1,30.3,11.5,9,9.8,10.7,8.8,2
201920,State-funded mainstream schools,Gender,Female,Number of pupils,108359,98395,72458,66328,3261,2745,404,112,2869,159,567,1653,369,5,116,4781,942,2171,1668,21156,6575,3975,1685,915,3389,2683,706
201920,State-funded mainstream colleges,Gender,Female,Number of pupils,86841,75937,46425,36097,8549,6694,1481,374,1779,42,508,56,1004,5,164,4371,446,2094,1831,25141,8237,3666,2927,1644,2668,2045,623
201920,State-funded mainstream colleges,Gender,Female,Percentage,2258,80.4,31,2.1,27.9,18.6,7.9,1.3,1.1,~,0,0.1,~,0,0.9,10.2,0.4,6.2,3.6,39.1,16.8,5.5,7.3,4,2.8,2.3,0.4
